S001,0,WAITING_START,P1,start_click,{},2180445143266300,2025-10-05T08:52:22.595998+00:00
S001,0,WAITING_START,P2,start_click,{},2180445153956400,2025-10-05T08:52:22.606685+00:00
S001,0,DEALING,SYS,phase_change,"{""to"": ""DEALING""}",2180445154849000,2025-10-05T08:52:22.607576+00:00
S001,0,DEALING,P1,reveal_card,"{""card_idx"": 0, ""value"": 10, ""role_vp"": ""VP1""}",2180445155609200,2025-10-05T08:52:22.608336+00:00
S001,0,DEALING,P2,reveal_card,"{""card_idx"": 0, ""value"": 0, ""role_vp"": ""VP2""}",2180445156493000,2025-10-05T08:52:22.609220+00:00
S001,0,DEALING,P1,reveal_card,"{""card_idx"": 1, ""value"": 11, ""role_vp"": ""VP1""}",2180445157238600,2025-10-05T08:52:22.609966+00:00
S001,0,SIGNAL_WAIT,SYS,phase_change,"{""to"": ""SIGNAL_WAIT""}",2180445158105400,2025-10-05T08:52:22.610832+00:00
S001,0,SIGNAL_WAIT,P2,reveal_card,"{""card_idx"": 1, ""value"": 7, ""role_vp"": ""VP2""}",2180445160498200,2025-10-05T08:52:22.613228+00:00
S001,0,SIGNAL_WAIT,P1,signal,"{""level"": ""mittel""}",2180445161536100,2025-10-05T08:52:22.614264+00:00
S001,0,CALL_WAIT,SYS,phase_change,"{""to"": ""CALL_WAIT""}",2180445162282200,2025-10-05T08:52:22.615009+00:00
S001,0,CALL_WAIT,P2,call,"{""call"": ""wahrheit""}",2180445163063300,2025-10-05T08:52:22.615790+00:00
S001,0,REVEAL_SCORE,SYS,reveal_and_score,"{""winner"": ""P2"", ""reason"": ""P2 glaubte, Vergleich: 0 vs 7 → P2 gewinnt."", ""vp1_cards"": [10, 11], ""vp2_cards"": [0, 7], ""vp1_value"": 0, ""vp2_value"": 7, ""roles"": {""P1"": ""VP1"", ""P2"": ""VP2""}}",2180445166266000,2025-10-05T08:52:22.618996+00:00
S001,0,ROUND_DONE,SYS,phase_change,"{""to"": ""ROUND_DONE""}",2180445173769800,2025-10-05T08:52:22.626499+00:00
S001,0,ROUND_DONE,P1,next_round_click,{},2180445175748700,2025-10-05T08:52:22.628477+00:00
S001,0,ROUND_DONE,P2,next_round_click,{},2180445176745600,2025-10-05T08:52:22.629473+00:00
S001,1,DEALING,SYS,phase_change,"{""to"": ""DEALING"", ""roles"": {""P1"": ""VP2"", ""P2"": ""VP1""}}",2180445182836300,2025-10-05T08:52:22.635565+00:00
S001,0,WAITING_START,P1,start_click,{},2180841119869400,2025-10-05T08:58:58.572599+00:00
S001,0,WAITING_START,P2,start_click,{},2180841133099000,2025-10-05T08:58:58.585828+00:00
S001,0,DEALING,SYS,phase_change,"{""to"": ""DEALING""}",2180841133806000,2025-10-05T08:58:58.586533+00:00
S001,0,DEALING,P1,reveal_card,"{""card_idx"": 0, ""value"": 10, ""role_vp"": ""VP1""}",2180841134412400,2025-10-05T08:58:58.587139+00:00
S001,0,DEALING,P2,reveal_card,"{""card_idx"": 0, ""value"": 0, ""role_vp"": ""VP2""}",2180841135046900,2025-10-05T08:58:58.587774+00:00
S001,0,DEALING,P1,reveal_card,"{""card_idx"": 1, ""value"": 11, ""role_vp"": ""VP1""}",2180841135876400,2025-10-05T08:58:58.588603+00:00
S001,0,SIGNAL_WAIT,SYS,phase_change,"{""to"": ""SIGNAL_WAIT""}",2180841136845100,2025-10-05T08:58:58.589572+00:00
S001,0,SIGNAL_WAIT,P2,reveal_card,"{""card_idx"": 1, ""value"": 7, ""role_vp"": ""VP2""}",2180841137708400,2025-10-05T08:58:58.590435+00:00
S001,0,SIGNAL_WAIT,P1,signal,"{""level"": ""mittel""}",2180841138506100,2025-10-05T08:58:58.591233+00:00
S001,0,CALL_WAIT,SYS,phase_change,"{""to"": ""CALL_WAIT""}",2180841139451300,2025-10-05T08:58:58.592178+00:00
S001,0,CALL_WAIT,P2,call,"{""call"": ""wahrheit""}",2180841140298800,2025-10-05T08:58:58.593025+00:00
S001,0,REVEAL_SCORE,SYS,reveal_and_score,"{""winner"": ""P2"", ""reason"": ""P2 glaubte, Vergleich: 0 vs 7 → P2 gewinnt."", ""vp1_cards"": [10, 11], ""vp2_cards"": [0, 7], ""vp1_value"": 0, ""vp2_value"": 7, ""roles"": {""P1"": ""VP1"", ""P2"": ""VP2""}}",2180841141280500,2025-10-05T08:58:58.594008+00:00
S001,0,ROUND_DONE,SYS,phase_change,"{""to"": ""ROUND_DONE""}",2180841142282000,2025-10-05T08:58:58.595010+00:00
S001,0,ROUND_DONE,P1,next_round_click,{},2180841143721600,2025-10-05T08:58:58.596449+00:00
S001,0,ROUND_DONE,P2,next_round_click,{},2180841144658800,2025-10-05T08:58:58.597388+00:00
S001,1,DEALING,SYS,phase_change,"{""to"": ""DEALING"", ""roles"": {""P1"": ""VP2"", ""P2"": ""VP1""}}",2180841145654100,2025-10-05T08:58:58.598381+00:00
S001,0,WAITING_START,P1,start_click,{},2181182925561200,2025-10-05T09:04:40.378289+00:00
S001,0,WAITING_START,P2,start_click,{},2181184113055800,2025-10-05T09:04:41.565783+00:00
S001,0,DEALING,SYS,phase_change,"{""to"": ""DEALING""}",2181184123911100,2025-10-05T09:04:41.576639+00:00
S001,0,DEALING,P1,reveal_card,"{""card_idx"": 0, ""value"": 10, ""role_vp"": ""VP1""}",2181185243159800,2025-10-05T09:04:42.695886+00:00
S001,0,DEALING,P2,reveal_card,"{""card_idx"": 0, ""value"": 0, ""role_vp"": ""VP2""}",2181186133840900,2025-10-05T09:04:43.586567+00:00
S001,0,DEALING,P1,reveal_card,"{""card_idx"": 1, ""value"": 11, ""role_vp"": ""VP1""}",2181187543190000,2025-10-05T09:04:44.995917+00:00
S001,0,SIGNAL_WAIT,SYS,phase_change,"{""to"": ""SIGNAL_WAIT""}",2181188775938500,2025-10-05T09:04:46.228665+00:00
S001,0,SIGNAL_WAIT,P2,reveal_card,"{""card_idx"": 1, ""value"": 7, ""role_vp"": ""VP2""}",2181188777007600,2025-10-05T09:04:46.229734+00:00
S001,0,SIGNAL_WAIT,P1,signal,"{""level"": ""hoch""}",2181190264594200,2025-10-05T09:04:47.717321+00:00
S001,0,CALL_WAIT,SYS,phase_change,"{""to"": ""CALL_WAIT""}",2181190265744000,2025-10-05T09:04:47.718471+00:00
S001,0,CALL_WAIT,P2,call,"{""call"": ""wahrheit""}",2181191572088500,2025-10-05T09:04:49.024815+00:00
S001,0,REVEAL_SCORE,SYS,reveal_and_score,"{""winner"": ""P1"", ""reason"": ""P1 bluffte, P2 glaubte → P1 gewinnt."", ""vp1_cards"": [10, 11], ""vp2_cards"": [0, 7], ""vp1_value"": 0, ""vp2_value"": 7, ""roles"": {""P1"": ""VP1"", ""P2"": ""VP2""}}",2181191573578800,2025-10-05T09:04:49.026307+00:00
S001,0,ROUND_DONE,SYS,phase_change,"{""to"": ""ROUND_DONE""}",2181191574366200,2025-10-05T09:04:49.027092+00:00
S001,0,ROUND_DONE,P1,next_round_click,{},2181198839233200,2025-10-05T09:04:56.291960+00:00
S001,0,ROUND_DONE,P2,next_round_click,{},2181201010268600,2025-10-05T09:04:58.462996+00:00
S001,1,DEALING,SYS,phase_change,"{""to"": ""DEALING"", ""roles"": {""P1"": ""VP2"", ""P2"": ""VP1""}}",2181201011072200,2025-10-05T09:04:58.463798+00:00
S001,1,DEALING,P1,reveal_card,"{""card_idx"": 0, ""value"": 0, ""role_vp"": ""VP2""}",2181203265578500,2025-10-05T09:05:00.718305+00:00
S001,1,DEALING,P2,reveal_card,"{""card_idx"": 0, ""value"": 10, ""role_vp"": ""VP1""}",2181204165500400,2025-10-05T09:05:01.618227+00:00
S001,1,DEALING,P1,reveal_card,"{""card_idx"": 1, ""value"": 8, ""role_vp"": ""VP2""}",2181205518032000,2025-10-05T09:05:02.970759+00:00
S001,1,SIGNAL_WAIT,SYS,phase_change,"{""to"": ""SIGNAL_WAIT""}",2181207135430800,2025-10-05T09:05:04.588158+00:00
S001,1,SIGNAL_WAIT,P2,reveal_card,"{""card_idx"": 1, ""value"": 10, ""role_vp"": ""VP1""}",2181207146907500,2025-10-05T09:05:04.599635+00:00
S001,1,SIGNAL_WAIT,P1,signal,"{""level"": ""mittel""}",2181210888332500,2025-10-05T09:05:08.341060+00:00
S001,1,CALL_WAIT,SYS,phase_change,"{""to"": ""CALL_WAIT""}",2181210889277700,2025-10-05T09:05:08.342005+00:00
S001,1,CALL_WAIT,P2,call,"{""call"": ""wahrheit""}",2181211708944000,2025-10-05T09:05:09.161671+00:00
S001,1,REVEAL_SCORE,SYS,reveal_and_score,"{""winner"": ""P1"", ""reason"": ""P1 bluffte, P2 glaubte → P1 gewinnt."", ""vp1_cards"": [10, 10], ""vp2_cards"": [0, 8], ""vp1_value"": 0, ""vp2_value"": 8, ""roles"": {""P1"": ""VP2"", ""P2"": ""VP1""}}",2181211709962900,2025-10-05T09:05:09.162689+00:00
S001,1,ROUND_DONE,SYS,phase_change,"{""to"": ""ROUND_DONE""}",2181211710690300,2025-10-05T09:05:09.163416+00:00
S001,0,WAITING_START,P1,start_click,{},2182794211047100,2025-10-05T09:31:31.663775+00:00
S001,0,WAITING_START,P2,start_click,{},2182794221537200,2025-10-05T09:31:31.674265+00:00
S001,0,DEALING,SYS,phase_change,"{""to"": ""DEALING""}",2182794222288900,2025-10-05T09:31:31.675016+00:00
S001,0,DEALING,P1,reveal_card,"{""card_idx"": 0, ""value"": 10, ""role_vp"": ""VP1""}",2182796757729400,2025-10-05T09:31:34.210457+00:00
S001,0,WAITING_START,P1,start_click,{},2183095400265100,2025-10-05T09:36:32.852994+00:00
S001,0,WAITING_START,P2,start_click,{},2183095405708500,2025-10-05T09:36:32.858439+00:00
S001,0,DEALING,SYS,phase_change,"{""to"": ""DEALING""}",2183095408507200,2025-10-05T09:36:32.861236+00:00
S001,0,DEALING,P1,reveal_card,"{""card_idx"": 0, ""value"": 10, ""role_vp"": ""VP1""}",2183096904276000,2025-10-05T09:36:34.357003+00:00
S001,0,DEALING,P2,reveal_card,"{""card_idx"": 0, ""value"": 0, ""role_vp"": ""VP2""}",2183098307572400,2025-10-05T09:36:35.760300+00:00
S001,0,DEALING,P1,reveal_card,"{""card_idx"": 1, ""value"": 11, ""role_vp"": ""VP1""}",2183104028279200,2025-10-05T09:36:41.481006+00:00
S001,0,SIGNAL_WAIT,SYS,phase_change,"{""to"": ""SIGNAL_WAIT""}",2183108051067800,2025-10-05T09:36:45.503795+00:00
S001,0,SIGNAL_WAIT,P2,reveal_card,"{""card_idx"": 1, ""value"": 7, ""role_vp"": ""VP2""}",2183108052284500,2025-10-05T09:36:45.505012+00:00
S001,0,SIGNAL_WAIT,P1,signal,"{""level"": ""mittel""}",2183153095587400,2025-10-05T09:37:30.548315+00:00
S001,0,CALL_WAIT,SYS,phase_change,"{""to"": ""CALL_WAIT""}",2183153098837800,2025-10-05T09:37:30.551564+00:00
S001,0,CALL_WAIT,P2,call,"{""call"": ""wahrheit""}",2183155433735800,2025-10-05T09:37:32.886463+00:00
S001,0,REVEAL_SCORE,SYS,reveal_and_score,"{""winner"": ""P1"", ""reason"": ""P1 bluffte, P2 glaubte → P1 gewinnt."", ""vp1_cards"": [10, 11], ""vp2_cards"": [0, 7], ""vp1_value"": 0, ""vp2_value"": 7, ""roles"": {""P1"": ""VP1"", ""P2"": ""VP2""}}",2183155444147300,2025-10-05T09:37:32.896874+00:00
S001,0,ROUND_DONE,SYS,phase_change,"{""to"": ""ROUND_DONE""}",2183155444905700,2025-10-05T09:37:32.897632+00:00
S001,0,ROUND_DONE,P1,next_round_click,{},2183163939008100,2025-10-05T09:37:41.391735+00:00
S001,0,ROUND_DONE,P2,next_round_click,{},2183163939846000,2025-10-05T09:37:41.392573+00:00
S001,1,DEALING,SYS,phase_change,"{""to"": ""DEALING"", ""roles"": {""P1"": ""VP2"", ""P2"": ""VP1""}}",2183163940502500,2025-10-05T09:37:41.393229+00:00
S001,1,DEALING,P1,reveal_card,"{""card_idx"": 0, ""value"": 0, ""role_vp"": ""VP2""}",2183196367818800,2025-10-05T09:38:13.820546+00:00
S001,1,DEALING,P2,reveal_card,"{""card_idx"": 0, ""value"": 10, ""role_vp"": ""VP1""}",2183199435069600,2025-10-05T09:38:16.887797+00:00
S001,1,DEALING,P1,reveal_card,"{""card_idx"": 1, ""value"": 8, ""role_vp"": ""VP2""}",2183202167393100,2025-10-05T09:38:19.620120+00:00
S001,1,SIGNAL_WAIT,SYS,phase_change,"{""to"": ""SIGNAL_WAIT""}",2183205483190700,2025-10-05T09:38:22.935918+00:00
S001,1,SIGNAL_WAIT,P2,reveal_card,"{""card_idx"": 1, ""value"": 10, ""role_vp"": ""VP1""}",2183205495461700,2025-10-05T09:38:22.948189+00:00
S001,1,SIGNAL_WAIT,P1,signal,"{""level"": ""mittel""}",2183213703970400,2025-10-05T09:38:31.156698+00:00
S001,1,CALL_WAIT,SYS,phase_change,"{""to"": ""CALL_WAIT""}",2183213707914200,2025-10-05T09:38:31.160642+00:00
S001,1,CALL_WAIT,P2,call,"{""call"": ""wahrheit""}",2183215698714000,2025-10-05T09:38:33.151441+00:00
S001,1,REVEAL_SCORE,SYS,reveal_and_score,"{""winner"": ""P1"", ""reason"": ""P1 bluffte, P2 glaubte → P1 gewinnt."", ""vp1_cards"": [10, 10], ""vp2_cards"": [0, 8], ""vp1_value"": 0, ""vp2_value"": 8, ""roles"": {""P1"": ""VP2"", ""P2"": ""VP1""}}",2183215699893200,2025-10-05T09:38:33.152619+00:00
S001,1,ROUND_DONE,SYS,phase_change,"{""to"": ""ROUND_DONE""}",2183215700637600,2025-10-05T09:38:33.153364+00:00
S001,1,ROUND_DONE,P1,next_round_click,{},2183218423660100,2025-10-05T09:38:35.876387+00:00
S001,1,ROUND_DONE,P2,next_round_click,{},2183218425127800,2025-10-05T09:38:35.877854+00:00
S001,2,DEALING,SYS,phase_change,"{""to"": ""DEALING"", ""roles"": {""P1"": ""VP1"", ""P2"": ""VP2""}}",2183218425797600,2025-10-05T09:38:35.878524+00:00
S001,2,DEALING,P1,reveal_card,"{""card_idx"": 0, ""value"": 11, ""role_vp"": ""VP1""}",2183226742705500,2025-10-05T09:38:44.195432+00:00
S001,2,DEALING,P2,reveal_card,"{""card_idx"": 0, ""value"": 0, ""role_vp"": ""VP2""}",2183229082156200,2025-10-05T09:38:46.534883+00:00
S001,2,DEALING,P1,reveal_card,"{""card_idx"": 1, ""value"": 9, ""role_vp"": ""VP1""}",2183230262700100,2025-10-05T09:38:47.715427+00:00
S001,2,SIGNAL_WAIT,SYS,phase_change,"{""to"": ""SIGNAL_WAIT""}",2183231148835200,2025-10-05T09:38:48.601563+00:00
S001,2,SIGNAL_WAIT,P2,reveal_card,"{""card_idx"": 1, ""value"": 9, ""role_vp"": ""VP2""}",2183231160093800,2025-10-05T09:38:48.612821+00:00
S001,2,SIGNAL_WAIT,P1,signal,"{""level"": ""mittel""}",2183330276320700,2025-10-05T09:40:27.729047+00:00
S001,2,CALL_WAIT,SYS,phase_change,"{""to"": ""CALL_WAIT""}",2183330277400300,2025-10-05T09:40:27.730127+00:00
S001,2,CALL_WAIT,P2,call,"{""call"": ""wahrheit""}",2183331887125500,2025-10-05T09:40:29.339852+00:00
S001,2,REVEAL_SCORE,SYS,reveal_and_score,"{""winner"": ""P1"", ""reason"": ""P1 bluffte, P2 glaubte → P1 gewinnt."", ""vp1_cards"": [11, 9], ""vp2_cards"": [0, 9], ""vp1_value"": 0, ""vp2_value"": 9, ""roles"": {""P1"": ""VP1"", ""P2"": ""VP2""}}",2183331890924800,2025-10-05T09:40:29.343653+00:00
S001,2,ROUND_DONE,SYS,phase_change,"{""to"": ""ROUND_DONE""}",2183331891733200,2025-10-05T09:40:29.344461+00:00
S001,0,WAITING_START,P1,start_click,{},2183479378647100,2025-10-05T09:42:56.831375+00:00
S001,0,WAITING_START,P2,start_click,{},2183480313316300,2025-10-05T09:42:57.766045+00:00
S001,0,DEALING,SYS,phase_change,"{""to"": ""DEALING""}",2183480314487500,2025-10-05T09:42:57.767214+00:00
S001,0,DEALING,P1,reveal_card,"{""card_idx"": 0, ""value"": 10, ""role_vp"": ""VP1""}",2183481495972200,2025-10-05T09:42:58.948699+00:00
S001,0,DEALING,P2,reveal_card,"{""card_idx"": 0, ""value"": 0, ""role_vp"": ""VP2""}",2183482382591300,2025-10-05T09:42:59.835318+00:00
S001,0,DEALING,P1,reveal_card,"{""card_idx"": 1, ""value"": 11, ""role_vp"": ""VP1""}",2183483457451000,2025-10-05T09:43:00.910178+00:00
S001,0,SIGNAL_WAIT,SYS,phase_change,"{""to"": ""SIGNAL_WAIT""}",2183484326497400,2025-10-05T09:43:01.779224+00:00
S001,0,SIGNAL_WAIT,P2,reveal_card,"{""card_idx"": 1, ""value"": 7, ""role_vp"": ""VP2""}",2183484329817300,2025-10-05T09:43:01.782545+00:00
S001,0,SIGNAL_WAIT,P1,signal,"{""level"": ""mittel""}",2183485796987300,2025-10-05T09:43:03.249714+00:00
S001,0,CALL_WAIT,SYS,phase_change,"{""to"": ""CALL_WAIT""}",2183485807818700,2025-10-05T09:43:03.260547+00:00
S001,0,CALL_WAIT,P2,call,"{""call"": ""wahrheit""}",2183487057965600,2025-10-05T09:43:04.510692+00:00
S001,0,REVEAL_SCORE,SYS,reveal_and_score,"{""winner"": ""P1"", ""reason"": ""P1 bluffte, P2 glaubte → P1 gewinnt."", ""vp1_cards"": [10, 11], ""vp2_cards"": [0, 7], ""vp1_value"": 0, ""vp2_value"": 7, ""roles"": {""P1"": ""VP1"", ""P2"": ""VP2""}}",2183487059018700,2025-10-05T09:43:04.511746+00:00
S001,0,ROUND_DONE,SYS,phase_change,"{""to"": ""ROUND_DONE""}",2183487059757100,2025-10-05T09:43:04.512484+00:00
S001,0,ROUND_DONE,P1,next_round_click,{},2183490932110400,2025-10-05T09:43:08.384837+00:00
S001,0,ROUND_DONE,P2,next_round_click,{},2183491959547000,2025-10-05T09:43:09.412274+00:00
S001,1,DEALING,SYS,phase_change,"{""to"": ""DEALING"", ""roles"": {""P1"": ""VP2"", ""P2"": ""VP1""}}",2183491960561100,2025-10-05T09:43:09.413287+00:00
S001,0,WAITING_START,P1,start_click,{},2183903485607200,2025-10-05T09:50:00.938336+00:00
S001,0,WAITING_START,P2,start_click,{},2183904157651800,2025-10-05T09:50:01.610380+00:00
S001,0,DEALING,SYS,phase_change,"{""to"": ""DEALING""}",2183904158671900,2025-10-05T09:50:01.611400+00:00
S001,0,DEALING,P1,reveal_card,"{""card_idx"": 0, ""value"": 10, ""role_vp"": ""VP1""}",2183905003572600,2025-10-05T09:50:02.456300+00:00
S001,0,DEALING,P2,reveal_card,"{""card_idx"": 0, ""value"": 0, ""role_vp"": ""VP2""}",2183905906088700,2025-10-05T09:50:03.358816+00:00
S001,0,DEALING,P1,reveal_card,"{""card_idx"": 1, ""value"": 11, ""role_vp"": ""VP1""}",2183906883790300,2025-10-05T09:50:04.336517+00:00
S001,0,SIGNAL_WAIT,SYS,phase_change,"{""to"": ""SIGNAL_WAIT""}",2183907568098500,2025-10-05T09:50:05.020827+00:00
S001,0,SIGNAL_WAIT,P2,reveal_card,"{""card_idx"": 1, ""value"": 7, ""role_vp"": ""VP2""}",2183907569710700,2025-10-05T09:50:05.022442+00:00
S001,0,SIGNAL_WAIT,P1,signal,"{""level"": ""mittel""}",2183909063510400,2025-10-05T09:50:06.516237+00:00
S001,0,CALL_WAIT,SYS,phase_change,"{""to"": ""CALL_WAIT""}",2183909074119800,2025-10-05T09:50:06.526848+00:00
S001,0,CALL_WAIT,P2,call,"{""call"": ""wahrheit""}",2183909998480700,2025-10-05T09:50:07.451208+00:00
S001,0,REVEAL_SCORE,SYS,reveal_and_score,"{""winner"": ""P1"", ""reason"": ""P1 bluffte, P2 glaubte → P1 gewinnt."", ""vp1_cards"": [10, 11], ""vp2_cards"": [0, 7], ""vp1_value"": 0, ""vp2_value"": 7, ""roles"": {""P1"": ""VP1"", ""P2"": ""VP2""}}",2183909999443400,2025-10-05T09:50:07.452171+00:00
S001,0,ROUND_DONE,SYS,phase_change,"{""to"": ""ROUND_DONE""}",2183910000165500,2025-10-05T09:50:07.452893+00:00
S001,0,ROUND_DONE,P2,next_round_click,{},2183913830651500,2025-10-05T09:50:11.283379+00:00
S001,0,ROUND_DONE,P1,next_round_click,{},2183914669376300,2025-10-05T09:50:12.122103+00:00
S001,1,DEALING,SYS,phase_change,"{""to"": ""DEALING"", ""roles"": {""P1"": ""VP2"", ""P2"": ""VP1""}}",2183914670309900,2025-10-05T09:50:12.123037+00:00
S001,1,DEALING,P1,reveal_card,"{""card_idx"": 0, ""value"": 0, ""role_vp"": ""VP2""}",2183915692253300,2025-10-05T09:50:13.144980+00:00
S001,1,DEALING,P2,reveal_card,"{""card_idx"": 0, ""value"": 10, ""role_vp"": ""VP1""}",2183916485414800,2025-10-05T09:50:13.938141+00:00
S001,1,DEALING,P1,reveal_card,"{""card_idx"": 1, ""value"": 8, ""role_vp"": ""VP2""}",2183917319176600,2025-10-05T09:50:14.771903+00:00
S001,1,SIGNAL_WAIT,SYS,phase_change,"{""to"": ""SIGNAL_WAIT""}",2183917974124400,2025-10-05T09:50:15.426851+00:00
S001,1,SIGNAL_WAIT,P2,reveal_card,"{""card_idx"": 1, ""value"": 10, ""role_vp"": ""VP1""}",2183917985712400,2025-10-05T09:50:15.438440+00:00
S001,1,SIGNAL_WAIT,P1,signal,"{""level"": ""mittel""}",2183919140757900,2025-10-05T09:50:16.593484+00:00
S001,1,CALL_WAIT,SYS,phase_change,"{""to"": ""CALL_WAIT""}",2183919142234800,2025-10-05T09:50:16.594962+00:00
S001,1,CALL_WAIT,P2,call,"{""call"": ""wahrheit""}",2183920189321800,2025-10-05T09:50:17.642049+00:00
S001,1,REVEAL_SCORE,SYS,reveal_and_score,"{""winner"": ""P1"", ""reason"": ""P1 bluffte, P2 glaubte → P1 gewinnt."", ""vp1_cards"": [10, 10], ""vp2_cards"": [0, 8], ""vp1_value"": 0, ""vp2_value"": 8, ""roles"": {""P1"": ""VP2"", ""P2"": ""VP1""}}",2183920200902000,2025-10-05T09:50:17.653630+00:00
S001,1,ROUND_DONE,SYS,phase_change,"{""to"": ""ROUND_DONE""}",2183920201862000,2025-10-05T09:50:17.654589+00:00
S001,1,ROUND_DONE,P2,next_round_click,{},2183922272352000,2025-10-05T09:50:19.725079+00:00
S001,1,ROUND_DONE,P1,next_round_click,{},2183922913785700,2025-10-05T09:50:20.366513+00:00
S001,2,DEALING,SYS,phase_change,"{""to"": ""DEALING"", ""roles"": {""P1"": ""VP1"", ""P2"": ""VP2""}}",2183922924684800,2025-10-05T09:50:20.377412+00:00
S001,2,DEALING,P1,reveal_card,"{""card_idx"": 0, ""value"": 11, ""role_vp"": ""VP1""}",2183923655337200,2025-10-05T09:50:21.108064+00:00
S001,2,DEALING,P2,reveal_card,"{""card_idx"": 0, ""value"": 0, ""role_vp"": ""VP2""}",2183924324210700,2025-10-05T09:50:21.776937+00:00
S001,2,DEALING,P1,reveal_card,"{""card_idx"": 1, ""value"": 9, ""role_vp"": ""VP1""}",2183925049307900,2025-10-05T09:50:22.502035+00:00
S001,2,SIGNAL_WAIT,SYS,phase_change,"{""to"": ""SIGNAL_WAIT""}",2183925730228300,2025-10-05T09:50:23.182955+00:00
S001,2,SIGNAL_WAIT,P2,reveal_card,"{""card_idx"": 1, ""value"": 9, ""role_vp"": ""VP2""}",2183925740493400,2025-10-05T09:50:23.193220+00:00
S001,2,SIGNAL_WAIT,P1,signal,"{""level"": ""mittel""}",2184055393861500,2025-10-05T09:52:32.846590+00:00
S001,2,CALL_WAIT,SYS,phase_change,"{""to"": ""CALL_WAIT""}",2184055394991000,2025-10-05T09:52:32.847719+00:00
S001,2,CALL_WAIT,P2,call,"{""call"": ""wahrheit""}",2184056339663700,2025-10-05T09:52:33.792390+00:00
S001,2,REVEAL_SCORE,SYS,reveal_and_score,"{""winner"": ""P1"", ""reason"": ""P1 bluffte, P2 glaubte → P1 gewinnt."", ""vp1_cards"": [11, 9], ""vp2_cards"": [0, 9], ""vp1_value"": 0, ""vp2_value"": 9, ""roles"": {""P1"": ""VP1"", ""P2"": ""VP2""}}",2184056350553200,2025-10-05T09:52:33.803280+00:00
S001,2,ROUND_DONE,SYS,phase_change,"{""to"": ""ROUND_DONE""}",2184056351299500,2025-10-05T09:52:33.804026+00:00
S001,2,ROUND_DONE,P1,next_round_click,{},2184057216026900,2025-10-05T09:52:34.668753+00:00
S001,2,ROUND_DONE,P2,next_round_click,{},2184057752477700,2025-10-05T09:52:35.205205+00:00
S001,3,DEALING,SYS,phase_change,"{""to"": ""DEALING"", ""roles"": {""P1"": ""VP2"", ""P2"": ""VP1""}}",2184057763372500,2025-10-05T09:52:35.216099+00:00
S001,3,DEALING,P1,reveal_card,"{""card_idx"": 0, ""value"": 0, ""role_vp"": ""VP2""}",2184059331477500,2025-10-05T09:52:36.784204+00:00
S001,3,DEALING,P2,reveal_card,"{""card_idx"": 0, ""value"": 11, ""role_vp"": ""VP1""}",2184060208207000,2025-10-05T09:52:37.660933+00:00
S001,3,DEALING,P1,reveal_card,"{""card_idx"": 1, ""value"": 7, ""role_vp"": ""VP2""}",2184061063451200,2025-10-05T09:52:38.516178+00:00
S001,3,SIGNAL_WAIT,SYS,phase_change,"{""to"": ""SIGNAL_WAIT""}",2184061847448200,2025-10-05T09:52:39.300175+00:00
S001,3,SIGNAL_WAIT,P2,reveal_card,"{""card_idx"": 1, ""value"": 11, ""role_vp"": ""VP1""}",2184061859032600,2025-10-05T09:52:39.311762+00:00
S001,3,SIGNAL_WAIT,P1,signal,"{""level"": ""mittel""}",2184062835652400,2025-10-05T09:52:40.288379+00:00
S001,3,CALL_WAIT,SYS,phase_change,"{""to"": ""CALL_WAIT""}",2184062846976800,2025-10-05T09:52:40.299704+00:00
S001,3,CALL_WAIT,P2,call,"{""call"": ""wahrheit""}",2184063579161400,2025-10-05T09:52:41.031889+00:00
S001,3,REVEAL_SCORE,SYS,reveal_and_score,"{""winner"": ""P1"", ""reason"": ""P1 bluffte, P2 glaubte → P1 gewinnt."", ""vp1_cards"": [11, 11], ""vp2_cards"": [0, 7], ""vp1_value"": 0, ""vp2_value"": 7, ""roles"": {""P1"": ""VP2"", ""P2"": ""VP1""}}",2184063580578900,2025-10-05T09:52:41.033306+00:00
S001,3,ROUND_DONE,SYS,phase_change,"{""to"": ""ROUND_DONE""}",2184063581959700,2025-10-05T09:52:41.034687+00:00
S001,3,ROUND_DONE,P2,next_round_click,{},2184064353721800,2025-10-05T09:52:41.806449+00:00
S001,3,ROUND_DONE,P1,next_round_click,{},2184064881778700,2025-10-05T09:52:42.334505+00:00
S001,4,DEALING,SYS,phase_change,"{""to"": ""DEALING"", ""roles"": {""P1"": ""VP1"", ""P2"": ""VP2""}}",2184064883193300,2025-10-05T09:52:42.335920+00:00
S001,4,DEALING,P1,reveal_card,"{""card_idx"": 0, ""value"": 11, ""role_vp"": ""VP1""}",2184065495306500,2025-10-05T09:52:42.948033+00:00
S001,4,DEALING,P2,reveal_card,"{""card_idx"": 0, ""value"": 19, ""role_vp"": ""VP2""}",2184066027497100,2025-10-05T09:52:43.480224+00:00
S001,4,DEALING,P1,reveal_card,"{""card_idx"": 1, ""value"": 8, ""role_vp"": ""VP1""}",2184066692863900,2025-10-05T09:52:44.145591+00:00
S001,4,SIGNAL_WAIT,SYS,phase_change,"{""to"": ""SIGNAL_WAIT""}",2184067346074000,2025-10-05T09:52:44.798801+00:00
S001,4,SIGNAL_WAIT,P2,reveal_card,"{""card_idx"": 1, ""value"": 11, ""role_vp"": ""VP2""}",2184067357299400,2025-10-05T09:52:44.810027+00:00
S001,4,SIGNAL_WAIT,P1,signal,"{""level"": ""mittel""}",2184068380680500,2025-10-05T09:52:45.833407+00:00
S001,4,CALL_WAIT,SYS,phase_change,"{""to"": ""CALL_WAIT""}",2184068392396200,2025-10-05T09:52:45.845124+00:00
S001,4,CALL_WAIT,P2,call,"{""call"": ""bluff""}",2184069149385500,2025-10-05T09:52:46.602112+00:00
S001,4,REVEAL_SCORE,SYS,reveal_and_score,"{""winner"": ""P2"", ""reason"": ""P1 bluffte, P2 erkannte Bluff → P2 gewinnt."", ""vp1_cards"": [11, 8], ""vp2_cards"": [19, 11], ""vp1_value"": 19, ""vp2_value"": 30, ""roles"": {""P1"": ""VP1"", ""P2"": ""VP2""}}",2184069150922000,2025-10-05T09:52:46.603648+00:00
S001,4,ROUND_DONE,SYS,phase_change,"{""to"": ""ROUND_DONE""}",2184069151643200,2025-10-05T09:52:46.604370+00:00
S001,0,WAITING_START,P1,start_click,{},2184323293301700,2025-10-05T09:57:00.746030+00:00
S001,0,WAITING_START,P2,start_click,{},2184324274872500,2025-10-05T09:57:01.727601+00:00
S001,0,DEALING,SYS,phase_change,"{""to"": ""DEALING""}",2184324289284600,2025-10-05T09:57:01.742015+00:00
S001,0,DEALING,P1,reveal_card,"{""card_idx"": 0, ""value"": 10, ""role_vp"": ""VP1""}",2184325274417700,2025-10-05T09:57:02.727145+00:00
S001,0,DEALING,P2,reveal_card,"{""card_idx"": 0, ""value"": 0, ""role_vp"": ""VP2""}",2184326066249300,2025-10-05T09:57:03.518976+00:00
S001,0,DEALING,P1,reveal_card,"{""card_idx"": 1, ""value"": 11, ""role_vp"": ""VP1""}",2184326941974600,2025-10-05T09:57:04.394702+00:00
S001,0,SIGNAL_WAIT,SYS,phase_change,"{""to"": ""SIGNAL_WAIT""}",2184328162018300,2025-10-05T09:57:05.614745+00:00
S001,0,SIGNAL_WAIT,P2,reveal_card,"{""card_idx"": 1, ""value"": 7, ""role_vp"": ""VP2""}",2184328163116000,2025-10-05T09:57:05.615843+00:00
S001,0,SIGNAL_WAIT,P1,signal,"{""level"": ""mittel""}",2184330835737200,2025-10-05T09:57:08.288464+00:00
S001,0,CALL_WAIT,SYS,phase_change,"{""to"": ""CALL_WAIT""}",2184330836876400,2025-10-05T09:57:08.289603+00:00
S001,0,CALL_WAIT,P2,call,"{""call"": ""wahrheit""}",2184331562083200,2025-10-05T09:57:09.014810+00:00
S001,0,REVEAL_SCORE,SYS,reveal_and_score,"{""winner"": ""P1"", ""reason"": ""P1 bluffte, P2 glaubte → P1 gewinnt."", ""vp1_cards"": [10, 11], ""vp2_cards"": [0, 7], ""vp1_value"": 0, ""vp2_value"": 7, ""roles"": {""P1"": ""VP1"", ""P2"": ""VP2""}}",2184331573825600,2025-10-05T09:57:09.026554+00:00
S001,0,ROUND_DONE,SYS,phase_change,"{""to"": ""ROUND_DONE""}",2184331574700600,2025-10-05T09:57:09.027427+00:00
S001,0,WAITING_START,P1,start_click,{},2184863837614600,2025-10-05T10:06:01.290343+00:00
S001,0,WAITING_START,P2,start_click,{},2184864735698300,2025-10-05T10:06:02.188426+00:00
S001,0,DEALING,SYS,phase_change,"{""to"": ""DEALING""}",2184864736891600,2025-10-05T10:06:02.189619+00:00
S001,0,DEALING,P1,reveal_card,"{""card_idx"": 0, ""value"": 10, ""role_vp"": ""VP1""}",2184865566644300,2025-10-05T10:06:03.019372+00:00
S001,0,DEALING,P2,reveal_card,"{""card_idx"": 0, ""value"": 0, ""role_vp"": ""VP2""}",2184866215653900,2025-10-05T10:06:03.668381+00:00
S001,0,DEALING,P1,reveal_card,"{""card_idx"": 1, ""value"": 11, ""role_vp"": ""VP1""}",2184867258788800,2025-10-05T10:06:04.711518+00:00
S001,0,SIGNAL_WAIT,SYS,phase_change,"{""to"": ""SIGNAL_WAIT""}",2184867903417800,2025-10-05T10:06:05.356145+00:00
S001,0,SIGNAL_WAIT,P2,reveal_card,"{""card_idx"": 1, ""value"": 7, ""role_vp"": ""VP2""}",2184867904377400,2025-10-05T10:06:05.357105+00:00
S001,0,SIGNAL_WAIT,P1,signal,"{""level"": ""mittel""}",2184869724211500,2025-10-05T10:06:07.176939+00:00
S001,0,CALL_WAIT,SYS,phase_change,"{""to"": ""CALL_WAIT""}",2184869735914400,2025-10-05T10:06:07.188642+00:00
S001,0,CALL_WAIT,P2,call,"{""call"": ""wahrheit""}",2184870579026700,2025-10-05T10:06:08.031754+00:00
S001,0,REVEAL_SCORE,SYS,reveal_and_score,"{""winner"": ""P1"", ""reason"": ""P1 bluffte, P2 glaubte → P1 gewinnt."", ""vp1_cards"": [10, 11], ""vp2_cards"": [0, 7], ""vp1_value"": 0, ""vp2_value"": 7, ""roles"": {""P1"": ""VP1"", ""P2"": ""VP2""}}",2184870589326300,2025-10-05T10:06:08.042054+00:00
S001,0,ROUND_DONE,SYS,phase_change,"{""to"": ""ROUND_DONE""}",2184870590120400,2025-10-05T10:06:08.042848+00:00
S001,0,ROUND_DONE,P1,next_round_click,{},2184872498097300,2025-10-05T10:06:09.950824+00:00
S001,0,ROUND_DONE,P2,next_round_click,{},2184873147448900,2025-10-05T10:06:10.600177+00:00
S001,1,DEALING,SYS,phase_change,"{""to"": ""DEALING"", ""roles"": {""P1"": ""VP2"", ""P2"": ""VP1""}}",2184873148538300,2025-10-05T10:06:10.601265+00:00
S001,1,DEALING,P1,reveal_card,"{""card_idx"": 0, ""value"": 0, ""role_vp"": ""VP2""}",2184874482131500,2025-10-05T10:06:11.934858+00:00
S001,1,DEALING,P2,reveal_card,"{""card_idx"": 0, ""value"": 10, ""role_vp"": ""VP1""}",2184875331862000,2025-10-05T10:06:12.784589+00:00
S001,1,DEALING,P1,reveal_card,"{""card_idx"": 1, ""value"": 8, ""role_vp"": ""VP2""}",2184875985827500,2025-10-05T10:06:13.438555+00:00
S001,1,SIGNAL_WAIT,SYS,phase_change,"{""to"": ""SIGNAL_WAIT""}",2184876483640300,2025-10-05T10:06:13.936367+00:00
S001,1,SIGNAL_WAIT,P2,reveal_card,"{""card_idx"": 1, ""value"": 10, ""role_vp"": ""VP1""}",2184876484605300,2025-10-05T10:06:13.937333+00:00
S001,1,SIGNAL_WAIT,P1,signal,"{""level"": ""mittel""}",2184877550877700,2025-10-05T10:06:15.003605+00:00
S001,1,CALL_WAIT,SYS,phase_change,"{""to"": ""CALL_WAIT""}",2184877552240500,2025-10-05T10:06:15.004969+00:00
S001,1,CALL_WAIT,P2,call,"{""call"": ""wahrheit""}",2184878411412900,2025-10-05T10:06:15.864141+00:00
S001,1,REVEAL_SCORE,SYS,reveal_and_score,"{""winner"": ""P1"", ""reason"": ""P1 bluffte, P2 glaubte → P1 gewinnt."", ""vp1_cards"": [10, 10], ""vp2_cards"": [0, 8], ""vp1_value"": 0, ""vp2_value"": 8, ""roles"": {""P1"": ""VP2"", ""P2"": ""VP1""}}",2184878412575300,2025-10-05T10:06:15.865303+00:00
S001,1,ROUND_DONE,SYS,phase_change,"{""to"": ""ROUND_DONE""}",2184878413410600,2025-10-05T10:06:15.866138+00:00
S001,0,WAITING_START,P1,start_click,{},2184922914540100,2025-10-05T10:07:00.367269+00:00
S001,0,WAITING_START,P2,start_click,{},2184924479639100,2025-10-05T10:07:01.932368+00:00
S001,0,DEALING,SYS,phase_change,"{""to"": ""DEALING""}",2184924490716800,2025-10-05T10:07:01.943445+00:00
S001,0,DEALING,P1,reveal_card,"{""card_idx"": 0, ""value"": 10, ""role_vp"": ""VP1""}",2184925461305900,2025-10-05T10:07:02.914036+00:00
S001,0,DEALING,P2,reveal_card,"{""card_idx"": 0, ""value"": 0, ""role_vp"": ""VP2""}",2184926801124000,2025-10-05T10:07:04.253851+00:00
S001,0,WAITING_START,P1,start_click,{},2185155205046200,2025-10-05T10:10:52.657775+00:00
S001,0,WAITING_START,P2,start_click,{},2185155742387300,2025-10-05T10:10:53.195118+00:00
S001,0,DEALING,SYS,phase_change,"{""to"": ""DEALING""}",2185155744057300,2025-10-05T10:10:53.196786+00:00
S001,0,DEALING,P1,reveal_card,"{""card_idx"": 0, ""value"": 10, ""role_vp"": ""VP1""}",2185156378096400,2025-10-05T10:10:53.830824+00:00
S001,0,DEALING,P2,reveal_card,"{""card_idx"": 0, ""value"": 0, ""role_vp"": ""VP2""}",2185156960311500,2025-10-05T10:10:54.413038+00:00
S001,0,DEALING,P1,reveal_card,"{""card_idx"": 1, ""value"": 11, ""role_vp"": ""VP1""}",2185157899556500,2025-10-05T10:10:55.352284+00:00
S001,0,SIGNAL_WAIT,SYS,phase_change,"{""to"": ""SIGNAL_WAIT""}",2185158453281700,2025-10-05T10:10:55.906009+00:00
S001,0,SIGNAL_WAIT,P2,reveal_card,"{""card_idx"": 1, ""value"": 7, ""role_vp"": ""VP2""}",2185158454277500,2025-10-05T10:10:55.907005+00:00
S001,0,SIGNAL_WAIT,P1,signal,"{""level"": ""mittel""}",2185159579479500,2025-10-05T10:10:57.032207+00:00
S001,0,CALL_WAIT,SYS,phase_change,"{""to"": ""CALL_WAIT""}",2185159590089600,2025-10-05T10:10:57.042818+00:00
S001,0,CALL_WAIT,P2,call,"{""call"": ""wahrheit""}",2185160278656400,2025-10-05T10:10:57.731383+00:00
S001,0,REVEAL_SCORE,SYS,reveal_and_score,"{""winner"": ""P1"", ""reason"": ""P1 bluffte, P2 glaubte → P1 gewinnt."", ""vp1_cards"": [10, 11], ""vp2_cards"": [0, 7], ""vp1_value"": 0, ""vp2_value"": 7, ""roles"": {""P1"": ""VP1"", ""P2"": ""VP2""}}",2185160289756100,2025-10-05T10:10:57.742483+00:00
S001,0,ROUND_DONE,SYS,phase_change,"{""to"": ""ROUND_DONE""}",2185160290567800,2025-10-05T10:10:57.743294+00:00
S001,0,WAITING_START,P1,start_click,{},2185420748486100,2025-10-05T10:15:18.201215+00:00
S001,0,WAITING_START,P2,start_click,{},2185421302272700,2025-10-05T10:15:18.755001+00:00
S001,0,DEALING,SYS,phase_change,"{""to"": ""DEALING""}",2185421303348000,2025-10-05T10:15:18.756075+00:00
S001,0,DEALING,P1,reveal_card,"{""card_idx"": 0, ""value"": 10, ""role_vp"": ""VP1""}",2185421976043900,2025-10-05T10:15:19.428771+00:00
S001,0,DEALING,P2,reveal_card,"{""card_idx"": 0, ""value"": 0, ""role_vp"": ""VP2""}",2185422856008000,2025-10-05T10:15:20.308735+00:00
S001,0,DEALING,P1,reveal_card,"{""card_idx"": 1, ""value"": 11, ""role_vp"": ""VP1""}",2185423765627100,2025-10-05T10:15:21.218354+00:00
S001,0,SIGNAL_WAIT,SYS,phase_change,"{""to"": ""SIGNAL_WAIT""}",2185424338283300,2025-10-05T10:15:21.791010+00:00
S001,0,SIGNAL_WAIT,P2,reveal_card,"{""card_idx"": 1, ""value"": 7, ""role_vp"": ""VP2""}",2185424346816600,2025-10-05T10:15:21.799544+00:00
S001,0,WAITING_START,P1,start_click,{},2267978953134100,2025-10-06T09:11:11.892381+00:00
S001,0,WAITING_START,P2,start_click,{},2267979837419000,2025-10-06T09:11:12.776666+00:00
S001,0,DEALING,SYS,phase_change,"{""to"": ""DEALING""}",2267979838601700,2025-10-06T09:11:12.777847+00:00
S001,0,DEALING,P1,reveal_card,"{""card_idx"": 0, ""value"": 10, ""role_vp"": ""VP1""}",2267980681911800,2025-10-06T09:11:13.621156+00:00
S001,0,DEALING,P2,reveal_card,"{""card_idx"": 0, ""value"": 0, ""role_vp"": ""VP2""}",2267981400402200,2025-10-06T09:11:14.339648+00:00
S001,0,DEALING,P1,reveal_card,"{""card_idx"": 1, ""value"": 11, ""role_vp"": ""VP1""}",2267982289119800,2025-10-06T09:11:15.228366+00:00
S001,0,SIGNAL_WAIT,SYS,phase_change,"{""to"": ""SIGNAL_WAIT""}",2267982923197900,2025-10-06T09:11:15.862443+00:00
S001,0,SIGNAL_WAIT,P2,reveal_card,"{""card_idx"": 1, ""value"": 7, ""role_vp"": ""VP2""}",2267982925803500,2025-10-06T09:11:15.865049+00:00
S001,0,SIGNAL_WAIT,P1,signal,"{""level"": ""mittel""}",2267984482506900,2025-10-06T09:11:17.421753+00:00
S001,0,CALL_WAIT,SYS,phase_change,"{""to"": ""CALL_WAIT""}",2267984485354400,2025-10-06T09:11:17.424601+00:00
S001,0,CALL_WAIT,P2,call,"{""call"": ""wahrheit""}",2267985430654800,2025-10-06T09:11:18.369900+00:00
S001,0,REVEAL_SCORE,SYS,reveal_and_score,"{""winner"": ""P1"", ""reason"": ""P1 bluffte, P2 glaubte → P1 gewinnt."", ""vp1_cards"": [10, 11], ""vp2_cards"": [0, 7], ""vp1_value"": 0, ""vp2_value"": 7, ""roles"": {""P1"": ""VP1"", ""P2"": ""VP2""}}",2267985467824800,2025-10-06T09:11:18.407074+00:00
S001,0,ROUND_DONE,SYS,phase_change,"{""to"": ""ROUND_DONE""}",2267985468965300,2025-10-06T09:11:18.408211+00:00
